index_code,index_date,revision,status,value,provider_count,observation_count,dispersion,withheld_reason,methodology_version,published_at,superseded_at,revision_reason,snapshot
TIX-GLM53-OUT,2026-09-12,1,published,0.5,27,27,0.34000000000000025,,0.1.0,2026-09-15T04:28:14Z,,backfilled by rebuild from 2026-09-12.json; not published on the day,2026-09-12.json
TIX-GLM53-IN,2026-09-12,1,published,0.1496,27,27,0.36000000000000015,,0.1.0,2026-09-15T04:28:14Z,,backfilled by rebuild from 2026-09-12.json; not published on the day,2026-09-12.json
TIX-K3-OUT,2026-09-12,1,published,14.4656,16,19,0.175,,0.1.0,2026-09-15T04:28:14Z,,backfilled by rebuild from 2026-09-12.json; not published on the day,2026-09-12.json
TIX-DSV41-OUT,2026-09-12,1,published,1.055,12,12,0.495,,0.1.0,2026-09-15T04:28:14Z,,backfilled by rebuild from 2026-09-12.json; not published on the day,2026-09-12.json
TIX-MM3-OUT,2026-09-12,1,withheld,,12,12,0.9200000000000003,dispersion: 0.920 against ceiling 0.6,0.1.0,2026-09-15T04:28:14Z,,backfilled by rebuild from 2026-09-12.json; not published on the day,2026-09-12.json
TIX-FRONTIER-OUT,2026-09-12,1,withheld,,2,5,,"indexable_good: proprietary model: one seller per model, so cross-seller price discovery does not exist; min_providers: 2 of 3 required; dispersion: not computable below three providers",0.1.0,2026-09-15T04:28:14Z,,backfilled by rebuild from 2026-09-12.json; not published on the day,2026-09-12.json
TIX-GLM53-OUT,2026-09-14,1,published,0.4978,27,27,0.34000000000000025,,0.1.0,2026-09-15T04:28:14Z,,backfilled by rebuild from 2026-09-14.json; not published on the day,2026-09-14.json
TIX-GLM53-IN,2026-09-14,1,published,0.1489,27,27,0.36000000000000015,,0.1.0,2026-09-15T04:28:14Z,,backfilled by rebuild from 2026-09-14.json; not published on the day,2026-09-14.json
TIX-K3-OUT,2026-09-14,1,published,14.336,17,20,0.17,,0.1.0,2026-09-15T04:28:14Z,,backfilled by rebuild from 2026-09-14.json; not published on the day,2026-09-14.json
TIX-DSV41-OUT,2026-09-14,1,published,1.1909,11,11,0.03333333333333337,,0.1.0,2026-09-15T04:28:14Z,,backfilled by rebuild from 2026-09-14.json; not published on the day,2026-09-14.json
TIX-MM3-OUT,2026-09-14,1,withheld,,13,13,1.0,dispersion: 1.000 against ceiling 0.6,0.1.0,2026-09-15T04:28:14Z,,backfilled by rebuild from 2026-09-14.json; not published on the day,2026-09-14.json
TIX-FRONTIER-OUT,2026-09-14,1,withheld,,2,5,,"indexable_good: proprietary model: one seller per model, so cross-seller price discovery does not exist; min_providers: 2 of 3 required; dispersion: not computable below three providers",0.1.0,2026-09-15T04:28:14Z,,backfilled by rebuild from 2026-09-14.json; not published on the day,2026-09-14.json
TIX-GLM53-OUT,2026-09-15,1,published,0.4978,27,27,0.34000000000000025,,0.1.0,2026-09-15T04:28:14Z,,backfilled by rebuild from 2026-09-15.json; not published on the day,2026-09-15.json
TIX-GLM53-IN,2026-09-15,1,published,0.1489,27,27,0.36000000000000015,,0.1.0,2026-09-15T04:28:14Z,,backfilled by rebuild from 2026-09-15.json; not published on the day,2026-09-15.json
TIX-K3-OUT,2026-09-15,1,published,14.3607,17,20,0.17,,0.1.0,2026-09-15T04:28:14Z,,backfilled by rebuild from 2026-09-15.json; not published on the day,2026-09-15.json
TIX-DSV41-OUT,2026-09-15,1,published,1.1078,18,18,0.46499999999999997,,0.1.0,2026-09-15T04:28:14Z,,backfilled by rebuild from 2026-09-15.json; not published on the day,2026-09-15.json
TIX-MM3-OUT,2026-09-15,1,withheld,,13,13,1.0,dispersion: 1.000 against ceiling 0.6,0.1.0,2026-09-15T04:28:14Z,,backfilled by rebuild from 2026-09-15.json; not published on the day,2026-09-15.json
TIX-FRONTIER-OUT,2026-09-15,1,withheld,,2,5,,"indexable_good: proprietary model: one seller per model, so cross-seller price discovery does not exist; min_providers: 2 of 3 required; dispersion: not computable below three providers",0.1.0,2026-09-15T04:28:14Z,,backfilled by rebuild from 2026-09-15.json; not published on the day,2026-09-15.json
TIX-GLM53-OUT,2026-09-16,1,published,0.5116,27,27,0.4400000000000002,,0.1.0,2026-09-16T17:39:06Z,,backfilled by rebuild from 2026-09-16.json; not published on the day,2026-09-16.json
TIX-GLM53-IN,2026-09-16,1,published,0.153,27,27,0.4400000000000002,,0.1.0,2026-09-16T17:39:06Z,,backfilled by rebuild from 2026-09-16.json; not published on the day,2026-09-16.json
TIX-K3-OUT,2026-09-16,1,published,14.3166,17,20,0.17,,0.1.0,2026-09-16T17:39:06Z,,backfilled by rebuild from 2026-09-16.json; not published on the day,2026-09-16.json
TIX-DSV41-OUT,2026-09-16,1,published,1.1917,12,12,0.13999999999999999,,0.1.0,2026-09-16T17:39:06Z,,backfilled by rebuild from 2026-09-16.json; not published on the day,2026-09-16.json
TIX-MM3-OUT,2026-09-16,1,withheld,,13,13,1.0,dispersion: 1.000 against ceiling 0.6,0.1.0,2026-09-16T17:39:06Z,,backfilled by rebuild from 2026-09-16.json; not published on the day,2026-09-16.json
TIX-FRONTIER-OUT,2026-09-16,1,withheld,,2,5,,"indexable_good: proprietary model: one seller per model, so cross-seller price discovery does not exist; min_providers: 2 of 3 required; dispersion: not computable below three providers",0.1.0,2026-09-16T17:39:06Z,,backfilled by rebuild from 2026-09-16.json; not published on the day,2026-09-16.json
TIX-GLM53-OUT,2026-09-17,1,published,0.5015,27,28,0.4160000000000001,,0.1.0,2026-09-17T17:39:30Z,,backfilled by rebuild from 2026-09-17.json; not published on the day,2026-09-17.json
TIX-GLM53-IN,2026-09-17,1,published,0.1505,27,28,0.4,,0.1.0,2026-09-17T17:39:30Z,,backfilled by rebuild from 2026-09-17.json; not published on the day,2026-09-17.json
TIX-K3-OUT,2026-09-17,1,published,14.2137,17,20,0.198,,0.1.0,2026-09-17T17:39:30Z,,backfilled by rebuild from 2026-09-17.json; not published on the day,2026-09-17.json
TIX-DSV41-OUT,2026-09-17,1,published,1.0453,19,20,0.5,,0.1.0,2026-09-17T17:39:30Z,,backfilled by rebuild from 2026-09-17.json; not published on the day,2026-09-17.json
TIX-MM3-OUT,2026-09-17,1,withheld,,13,13,1.0,dispersion: 1.000 against ceiling 0.6,0.1.0,2026-09-17T17:39:30Z,,backfilled by rebuild from 2026-09-17.json; not published on the day,2026-09-17.json
TIX-FRONTIER-OUT,2026-09-17,1,withheld,,2,5,,"indexable_good: proprietary model: one seller per model, so cross-seller price discovery does not exist; min_providers: 2 of 3 required; dispersion: not computable below three providers",0.1.0,2026-09-17T17:39:30Z,,backfilled by rebuild from 2026-09-17.json; not published on the day,2026-09-17.json
TIX-GLM53-OUT,2026-09-18,1,published,0.5006,27,29,0.4160000000000001,,0.1.0,2026-09-18T17:06:48Z,,backfilled by rebuild from 2026-09-18.json; not published on the day,2026-09-18.json
TIX-GLM53-IN,2026-09-18,1,published,0.1502,27,29,0.4,,0.1.0,2026-09-18T17:06:48Z,,backfilled by rebuild from 2026-09-18.json; not published on the day,2026-09-18.json
TIX-K3-OUT,2026-09-18,1,published,13.974,17,20,0.2699999999999999,,0.1.0,2026-09-18T17:06:48Z,,backfilled by rebuild from 2026-09-18.json; not published on the day,2026-09-18.json
TIX-DSV41-OUT,2026-09-18,1,published,1.1825,11,12,0.049999999999999864,,0.1.0,2026-09-18T17:06:48Z,,backfilled by rebuild from 2026-09-18.json; not published on the day,2026-09-18.json
TIX-MM3-OUT,2026-09-18,1,withheld,,13,13,1.0,dispersion: 1.000 against ceiling 0.6,0.1.0,2026-09-18T17:06:48Z,,backfilled by rebuild from 2026-09-18.json; not published on the day,2026-09-18.json
TIX-FRONTIER-OUT,2026-09-18,1,withheld,,2,5,,"indexable_good: proprietary model: one seller per model, so cross-seller price discovery does not exist; min_providers: 2 of 3 required; dispersion: not computable below three providers",0.1.0,2026-09-18T17:06:48Z,,backfilled by rebuild from 2026-09-18.json; not published on the day,2026-09-18.json
TIX-GLM53-OUT,2026-09-19,1,published,0.5006,27,29,0.4160000000000001,,0.1.0,2026-09-19T16:32:26Z,,backfilled by rebuild from 2026-09-19.json; not published on the day,2026-09-19.json
TIX-GLM53-IN,2026-09-19,1,published,0.1502,27,29,0.4,,0.1.0,2026-09-19T16:32:26Z,,backfilled by rebuild from 2026-09-19.json; not published on the day,2026-09-19.json
TIX-K3-OUT,2026-09-19,1,published,13.8093,17,20,0.27512,,0.1.0,2026-09-19T16:32:26Z,,backfilled by rebuild from 2026-09-19.json; not published on the day,2026-09-19.json
TIX-DSV41-OUT,2026-09-19,1,published,1.199,12,13,0.05899999999999988,,0.1.0,2026-09-19T16:32:26Z,,backfilled by rebuild from 2026-09-19.json; not published on the day,2026-09-19.json
TIX-MM3-OUT,2026-09-19,1,withheld,,13,13,1.0,dispersion: 1.000 against ceiling 0.6,0.1.0,2026-09-19T16:32:26Z,,backfilled by rebuild from 2026-09-19.json; not published on the day,2026-09-19.json
TIX-FRONTIER-OUT,2026-09-19,1,withheld,,2,5,,"indexable_good: proprietary model: one seller per model, so cross-seller price discovery does not exist; min_providers: 2 of 3 required; dispersion: not computable below three providers",0.1.0,2026-09-19T16:32:26Z,,backfilled by rebuild from 2026-09-19.json; not published on the day,2026-09-19.json
TIX-GLM53-OUT,2026-09-20,1,published,0.4916,28,30,0.458,,0.1.0,2026-09-20T16:51:17Z,,backfilled by rebuild from 2026-09-20.json; not published on the day,2026-09-20.json
TIX-GLM53-IN,2026-09-20,1,published,0.1473,28,30,0.43000000000000005,,0.1.0,2026-09-20T16:51:17Z,,backfilled by rebuild from 2026-09-20.json; not published on the day,2026-09-20.json
TIX-K3-OUT,2026-09-20,1,published,13.7269,17,20,0.27512,,0.1.0,2026-09-20T16:51:17Z,,backfilled by rebuild from 2026-09-20.json; not published on the day,2026-09-20.json
TIX-DSV41-OUT,2026-09-20,1,published,0.9609,21,22,0.5263157894736842,,0.1.0,2026-09-20T16:51:17Z,,backfilled by rebuild from 2026-09-20.json; not published on the day,2026-09-20.json
TIX-MM3-OUT,2026-09-20,1,withheld,,13,13,1.0,dispersion: 1.000 against ceiling 0.6,0.1.0,2026-09-20T16:51:17Z,,backfilled by rebuild from 2026-09-20.json; not published on the day,2026-09-20.json
TIX-FRONTIER-OUT,2026-09-20,1,withheld,,2,5,,"indexable_good: proprietary model: one seller per model, so cross-seller price discovery does not exist; min_providers: 2 of 3 required; dispersion: not computable below three providers",0.1.0,2026-09-20T16:51:17Z,,backfilled by rebuild from 2026-09-20.json; not published on the day,2026-09-20.json
TIX-GLM53-OUT,2026-09-21,1,published,0.479,30,32,0.5,,0.1.0,2026-09-21T18:45:21Z,,backfilled by rebuild from 2026-09-21.json; not published on the day,2026-09-21.json
TIX-GLM53-IN,2026-09-21,1,published,0.1436,30,32,0.5,,0.1.0,2026-09-21T18:45:21Z,,backfilled by rebuild from 2026-09-21.json; not published on the day,2026-09-21.json
TIX-K3-OUT,2026-09-21,1,published,13.6587,17,20,0.29368000000000005,,0.1.0,2026-09-21T18:45:21Z,,backfilled by rebuild from 2026-09-21.json; not published on the day,2026-09-21.json
TIX-DSV41-OUT,2026-09-21,1,published,1.1552,12,13,0.07700000000000005,,0.1.0,2026-09-21T18:45:21Z,,backfilled by rebuild from 2026-09-21.json; not published on the day,2026-09-21.json
TIX-MM3-OUT,2026-09-21,1,withheld,,13,13,1.0,dispersion: 1.000 against ceiling 0.6,0.1.0,2026-09-21T18:45:21Z,,backfilled by rebuild from 2026-09-21.json; not published on the day,2026-09-21.json
TIX-FRONTIER-OUT,2026-09-21,1,withheld,,2,5,,"indexable_good: proprietary model: one seller per model, so cross-seller price discovery does not exist; min_providers: 2 of 3 required; dispersion: not computable below three providers",0.1.0,2026-09-21T18:45:21Z,,backfilled by rebuild from 2026-09-21.json; not published on the day,2026-09-21.json
TIX-GLM53-OUT,2026-09-22,1,published,0.4893,30,32,0.44600000000000006,,0.1.0,2026-09-22T17:39:37Z,,backfilled by rebuild from 2026-09-22.json; not published on the day,2026-09-22.json
TIX-GLM53-IN,2026-09-22,1,published,0.1451,30,32,0.4700000000000001,,0.1.0,2026-09-22T17:39:37Z,,backfilled by rebuild from 2026-09-22.json; not published on the day,2026-09-22.json
TIX-K3-OUT,2026-09-22,1,published,13.5181,17,20,0.3533333333333334,,0.1.0,2026-09-22T17:39:37Z,,backfilled by rebuild from 2026-09-22.json; not published on the day,2026-09-22.json
TIX-DSV41-OUT,2026-09-22,1,published,0.9188,22,23,0.5294117647058825,,0.1.0,2026-09-22T17:39:37Z,,backfilled by rebuild from 2026-09-22.json; not published on the day,2026-09-22.json
TIX-MM3-OUT,2026-09-22,1,withheld,,13,13,1.0,dispersion: 1.000 against ceiling 0.6,0.1.0,2026-09-22T17:39:37Z,,backfilled by rebuild from 2026-09-22.json; not published on the day,2026-09-22.json
TIX-FRONTIER-OUT,2026-09-22,1,withheld,,2,5,,"indexable_good: proprietary model: one seller per model, so cross-seller price discovery does not exist; min_providers: 2 of 3 required; dispersion: not computable below three providers",0.1.0,2026-09-22T17:39:37Z,,backfilled by rebuild from 2026-09-22.json; not published on the day,2026-09-22.json
